Index Size,Number of Iteration,avg  ~wait_time_~,Max__ Iteration,Prefetch Hit Rate
1,1,0.00332775,0.00665513,0.666667
2,4,0.00369899,0.00915524,0.666667
3,9,0.00395971,0.00937724,0.666667
4,16,0.00398550,0.00969730,0.666667
5,25,0.00372717,0.00894761,0.666667
6,36,0.00317213,0.01263480,0.666667
7,49,0.00384221,0.01051400,0.666667
8,64,0.00388053,0.00926096,0.666667
9,81,0.00395195,0.01190390,0.666667
10,100,0.00522470,0.02993910,0.666667