Index Size,Number of Iteration,avg  ~wait_time_~,First Iteration,Prefetch Hit Rate
1,1,0.00355936,0.0071183,0.666667
2,4,0.00342387,0.0169477,0.833333
3,9,0.00397390,0.0263962,0.888889
4,16,0.00288632,0.0252078,0.916667
5,25,0.00224152,0.0245407,0.933333
6,36,0.00197672,0.0259478,0.944444
7,49,0.00163300,0.0253202,0.952381
8,64,0.00144657,0.0252801,0.958333
9,81,0.00142421,0.0301891,0.962963
10,100,0.00110691,0.0241904,0.963333