Look Ahead,avg ~wait_time_~,First ~wait_time_~,Prefetch Hit Ratio
0,0.001555800,0.00426058,0.666667
1,0.000392819,0.00760804,0.876543
2,0.000487712,0.01091600,0.962963
3,0.000618114,0.01469110,0.962963
4,0.000861165,0.01837970,0.962963
5,0.000900148,0.02140090,0.962963
