Workers,Servers,Program,No Pref Time,Pref Time,No Pref HitRatio,Pref HitRatio,Total Req,Time Diff,Pref wait_t,Pref barrier wait_t,No Pref wait_t,No Pref barrier wait_t
3,1,scf_rhf,380.893,379.387,0.760251,0.973339,247254,1.506,0.651388826,0.65132974231,0.765084763,0.76496885457
3,1,tran_rhf,363.589,371.473,0.255977,0.699191,5688,-7.884,27.59621001,27.4586637707,24.93006239,24.7876103964
3,1,rccsd_rhf,907.033,906.913,0.694919,0.817075,33850,0.12,9.966731386,9.69365202492,8.902622405,8.55998531836
3,2,scf_rhf,397.123,397.723,0.781019,0.976906,247254,-0.6,1.041482240,1.04144386046,1.027822939,1.02773934706
3,2,tran_rhf,358.241,354.765,0.269339,0.776723,5688,3.476,24.89416038,24.8106128795,23.73666227,23.6282071412
3,2,rccsd_rhf,886.404,877.513,0.694269,0.817459,33850,8.891,9.145070519,8.94168561606,8.656186267,8.40464277860
3,3,scf_rhf,402.012,400.997,0.779745,0.980203,247254,1.015,0.684626151,0.68457404339,0.656223293,0.65613335926
3,3,tran_rhf,395.597,390.245,0.258615,0.746484,5688,5.352,20.00028567,19.9405759919,18.01956640,17.8958907518
3,3,rccsd_rhf,939.143,923.338,0.694417,0.812999,33850,15.805,6.075856296,5.93729023301,9.010907967,8.83630541513
